order_id,product_id,order_unit_price,quantity,discount
10248,11,14.00,12,0.00
10266,12,30.40,12,0.05
10258,2,15.20,50,0.20
10255,2,15.20,20,0.00
10264,2,15.20,35,0.00
10248,72,34.80,5,0.00
10274,72,27.80,7,0.00
10268,72,27.80,4,0.00
10272,72,27.80,24,0.00
10258,5,17.00,65,0.20
